sub_class,seism_onset,seism_time_shift_onset,seism_events,seism_depth_min,seism_depth_max,seism_a_before,seism_b_before,seism_a_during,seism_b_during,seism_a_after,seism_b_after,moment_max,moment_max_type,,moment_max_depth_min,moment_max_depth_max,moment_distance,moment_date,reason,comment,data_sources,projectID
CCS,8/1/2009,,9506,2200,2700,,,,2.17,,,1.7,Mw,,,,,,Pore pressure buildup due to CO2 injection,Injection into gas field but no apparent connection between water leg and produced gas cap. Volume assuming liquid CO2 density of 1100 kg/m3,"Oye et al. (2013), Stork et al. (2015), Verdon et al. (2013, 2015), Iding and Ringrose (2011), Rutqvist et al. (2010), Rutqvist (2012), Morris et al. (2011), Vilarrasa et al. (2015, 2017, 2019)",1
CCS,,,not reported,,,,,,,,,,,,,,,,,,"Niemi et al. (2016, 2020), Vilarrasa et al., (2019)",2
Natural gas storage,,,366,,,,,,0.98,,,0.9,Mw,,,2100,,10/1/2013,"Heterogeneities of the fault can explain local seismicities during cushion gas injection. After that, the seismicity rate has been significantly declined as the fault got strengthened (Kaiser effect). Cooling effect could also impose minor impacts on the fault stability",The reservoir has experienced significant pressure reduction and large earthquakes during the reservoir depletion,"Fenix Consulting Delft, B.V. (2018), Muntendam-Bos et al. (2008), Muntendam-Bos et al. (2021), Qcon GmbH (2016), TNO (2014)",3
Natural gas storage,9/5/2013,3,"1002, 0≤MLG≤4, 13 M>13, 3 M>4 (05/09/2013-15/10/2013)",1700,9000,,,6.2,1.9,4.8,1.1,4.2,Mw,,,7000,5000,10/1/2013,Complex interaction with non-hydraulically connected crystalline basement,Likely induced/triggered,"Cesca et al. (2014). Batchelor et al. (2007), Jaunes et al. (2017), Schindler et al. (1998), Gaite et al. (2016), Villaseñor et al. (2020), Ruiz-Barajas et al. (2017)",4
Injectivity tests with brine and CO2,,,a few,,,,,,,,,0,,,,,,,,,"de Dios et al. (2017), Lopez-Perez et al. (2020)",5
CCS,7/1/2003,,1400,1900,2700,,,,1,,,1.17,Mw,,,2400,2500,,"Pore pressure buildup and poroelastic stresses, due to CO2 injection, of faults in the crystalline basement",Volume assuming liquid CO2 density of 1100 kg/m3,"Bondarenko et al. (2021), Kaven et al. (2015), Luu et al. (2022), Vilarrasa et al. (2019), Bauer et al. (2016), Goertz-Allmann et al. (2017), Williams-Stroud et al. (2020), Yang et al. (2018)",6
CCS,4/1/2017,,Much less than IBDP (CCS1),,,,,,,,,0.8,Mw,,,,,,,"Low permeability mudstone baffles of 3-5 m thickness below the injection interval have restricted pressure migration downward to the basement and, thus, the rate of seismicity has been significantly lower than CCS1.","Berger et al. (2019), Bondarenko et al. (2021), Freiburg et al. (2014), Leetaru and Freiburg (2014), Luu et al. (2022), Williams-Stroud et al. (2020)",7
EGS (injection),9/12/2005,,"16000, -1.2≤ML≤2.9",4250,,,,,,,,2.9,ML,,,2000,,9/13/2005,,Habanero 1 restimulation,"Baisch et al. (2009), Holl and Barton (2015)",8
EGS (injection),11/6/2003,,27000,4000,4500,,,,0.83,,,3.7,Mw,,,7000,,11/14/2003,,"Habanero 1 well. The Geoscience Australia Earthquakes database says M 3.7 event occurred on 06/12/2003 at a depth of 7 km. Caffagni says two M3.7 earthquakes occurred, first one during a shut-in phase and second during a progressive increase in injection rate","Asanuma et al. (2005), Baisch et al. (2006), Majer et al. (2007), Barton et al. (2013), Humphreys et al. (2014), Holl and Barton (2015)",9
EGS (injection),4/17/2008,,310,,,,,,,,,1.7,ML,,,,,,,Habanero 3 well,Holl and Barton (2015),10
EGS (injection),11/14/2012,,"29186, -1.6≤ML≤3",,,,,,1.62,,,3.9,ML,,,5000,,11/9/2012,,Habanero 4 well,"Baisch et al. (2006), Holl and Barton (2013), Baisch et al. (2015), Geoscience Australia Earthquake database, ",11
EGS (injection),10/23/2010,,73,4300,4700,,,,,,,1.6,ML,,,,,1/1/2011,,Well Jolokia 1,"Holl and Barton (2013), Baisch et al. (2015)",12
EGS (injection),,,>300,,,,,,,,,1.4,ML,,,,,,,," Albaric et al. (2013), Albaric et al. (2014), Hasting et al. (2011), Riffault et al. (2016), Riffault et al. (2018)",13
EGS (injection),7/10/2011,,7085,3745,3845,,,,1.32,,,2.5,Mw,,,3990,,7/13/2011,,Paralana 2 well," Albaric et al. (2013), Albaric et al. (2014), Hasting et al. (2011), Riffault et al. (2016), Riffault et al. (2018)",14
Geothermal (reinjeciton),12/5/2018,,"20, -0.1≤ML≤2.1",3000,10000,,,,,,,2.1,ML,,4000,,,6/23/2019,Plant launched in Decmber 2018 but earthquakes were associated with injeciton test in September 2016,https://seismologie.be/en/seismology/seismicity-in-belgium/online-database,"Broothaers et al. (2019), Erol (2018), Laenen et al. (2020)",15
EGS (injection),,,,,,,,,,,,4.4,ML,,,1834.9,3000,9/16/2003,,"Well TR8A, Field on volcano flank (last eruption 1878?), goethermal production started in 1992. The largest event occured two weeks after shut-in (Bommer et al., 2006)","Damore and Mejia (1999), Monterrosa and Sa (2002), Bommer et al. (2006), Majer et al. (2007), Rodríguez and Monterossa (2011), Portier et al. (2012), Monterrosa (2012), Kwiatek et al. (2014)",16
EGS (Stimulation),,,"490, with -0.8<ML<1.8",4800,6400,,,,1.35,,,1.8,ML,,,6100,200,7/8/2018,"reactivation of fracture network, not major faults","Focal mechanisms are RF, while optimal regime on pre/existing faults is SS. Major faults are 20 km away from injection. Imjection performed by intervals with inactive periods","Ader et al. (2020), Bentz et al. (2020), Hillers et al. (2020), Kwiatek et al. (2019), Leonhardt et al. (2021)",17
EGS (Hydraulic test),9/1/2020,,10 with 2<ML,3000,7000,,,,0.86,,,3.6,MLv,,,,1000,12/4/2020,,"A MLv=3.3 occured three weeks after the shut in. On December 8, 2020, the local authorities ordered a definitive closure of the Geoven site.",Schmittbuhl et al. (2021),18
EGS (injection),6/27/2013,,174,2000,4000,,,,,,,1.6,Mlv,,,,,7/2/2013,,"~100 microseismic events in April, GRT1 well","Maurer et al. (2020), Vidal et al. (2016)",19
EGS (Hydraulic test),11/4/2019,2,39,3000,7000,,,,0.97,,,3.1,MLv,,5620,,4600,11/12/2019,,"https://earthquakes.bgs.ac.uk/induced/recent_uk_events.html, Still in the exploration phase","Cabral (2018), Schmittbuhl et al. (2021), Valley and Evans (2007)",20
EGS (Stimulation),,,"20000 (downhole network), 165 (surface network)",,,,,,1.7,,,1.9,ML,,,,,1/1/1993,,Earthquake occured 9 days after shutin,"Baisch et al. (2010), Calò et al. (2014), Cornet et al. (1997), Cuenot et al. (2006), Dorbath et al. (2009), Evans (2005),  Evans et al. (2012), Gaucher et al. (2015),  Genter et al. (2010), Kushnir et al. (2018), Lucas et al. (2020), Meller (2014), Meller and Ledésert (2017), Sahara et al. (2016), Sausse et al. (2006), Surma and Geraud (2003), Schoenball (2014), Tenzer et al. (2010), Valley and Evans (2007),  Vidal and Genter (2018), Villeneuve et al. (2018)",21
EGS (injection),6/30/2000,,"700, 1≤ML≤2.5",4000,5500,,,,1,,,2.4,Mw,,,,,7/16/2000,Fracture shearing,"Well GPK-2, Max earthquake occured 10 days after shut in (Evans et al. (2012)","Baisch et al. (2010), Calò et al. (2014), Cornet et al. (1997), Cuenot et al. (2006), Dorbath et al. (2009), Evans (2005),  Evans et al. (2012), Gaucher et al. (2015),  Genter et al. (2010), Kushnir et al. (2018), Lucas et al. (2020), Majer et al. (2007), Meller (2014), Meller and Ledésert (2017), Sahara et al. (2016), Sausse et al. (2006), Surma and Geraud (2003), Schoenball (2014), Tenzer et al. (2010), Valley and Evans (2007),  Vidal and Genter (2018), Villeneuve et al. (2018)",22
EGS (Stimulation),,,"200, 1≤ML≤2.5",,,,,,1,,,2.9,ML,,,,,1/1/2003,Fracture shearing- Direct pore pressure diffusion can reproduce the spatial and temporal evlution of seismicity. The post-injection earthquake also lies within the growing pore pressure front,Earthquake occured 2 days after shutin,"Baisch et al. (2010), Calò et al. (2014), Cornet et al. (1997), Cuenot et al. (2006), Dorbath et al. (2009), Evans (2005),  Evans et al. (2012), Gaucher et al. (2015),  Genter et al. (2010), Kushnir et al. (2018), Lucas et al. (2020), Meller (2014), Meller and Ledésert (2017), Sahara et al. (2016), Sausse et al. (2006), Surma and Geraud (2003), Schoenball (2014), Tenzer et al. (2010), Valley and Evans (2007),  Vidal and Genter (2018), Villeneuve et al. (2018)",23
EGS (injection),5/27/2003,,"240, >32 above 1.2 M",4000,5500,,,,2.1,,,2.3,ML,,,,,1/1/2005,Fault reactivation,Well GPK-3,"Baisch et al. (2010), Calò et al. (2014), Cornet et al. (1997), Cuenot et al. (2006), Dorbath et al. (2009), Evans (2005),  Evans et al. (2012), Gaucher et al. (2015),  Genter et al. (2010), Kushnir et al. (2018), Lucas et al. (2020), Majer et al. (2007), Meller (2014), Meller and Ledésert (2017), Sahara et al. (2016), Sausse et al. (2006), Surma and Geraud (2003), Schoenball (2014), Tenzer et al. (2010), Valley and Evans (2007),  Vidal and Genter (2018), Villeneuve et al. (2018)",24
EGS (injection),,,"128, 1<Ml<2.7",,,,,,1.3,,,2.7,ML,,,,,2/1/2005,,,"Baisch et al. (2010), Calò et al. (2014), Cornet et al. (1997), Cuenot et al. (2006), Dorbath et al. (2009), Evans (2005),  Evans et al. (2012), Gaucher et al. (2015),  Genter et al. (2010), Kushnir et al. (2018), Lucas et al. (2020), Meller (2014), Meller and Ledésert (2017), Sahara et al. (2016), Sausse et al. (2006), Surma and Geraud (2003), Schoenball (2014), Tenzer et al. (2010), Valley and Evans (2007),  Vidal and Genter (2018), Villeneuve et al. (2018)",25
EGS (injection),9/1/2002,0.4,"420, -0.6≤MW≤1.8",,,,,,,,,1.8,Mw,,,,500,1/1/2002,Stimulation of the existing fractures,,"Heinemann et al. (1992), Rummel and Klee (1995), Dermott et al. (2005), Tenzer et al. (2010), Stober (2011), Evans et al. (2012)",26
EGS (injection),,,11,,,,,,,,,0,ML,,,,,,,well production was stopped because of the formatin of a salt plug after 6 months,"Buijze et al. (2019), Orzol et al. (2005), Rioseco et al. (2013), Tischner et al. (2013)",27
EGS (injection),,,"70, -1.9≤ML≤-1.1",,,,,,4.14,,,-1,Mw,,,,,1/1/2007,,,"Blocher et al. (2018), Breede et al. (2013), Buijze et al. (2019), Evans et al. (2012), Jacquey et al. (2016), Moeck et al. (2009), Mignan (2021), Zang et al. (2014)",28
EGS (injection),,,">600, -0.5≤ML≤2.7 (joint with Landau)",3500,5000,,,,,,,2.4,ML,,,,,4/1/2010,,Earthquake after shut-in,"Breede et al. (2013), Groos et al. (2013), Schindler et al. (2010), Vidal and Genter (2018)",29
EGS (circulation),,,">600, -0.5≤ML≤2.7 (joint with Landau)",3500,5000,,,,,,,2.1,ML,,,,,12/1/2012,,Earthquake after shut-in,"Breede et al. (2013), Groos et al. (2013), Schindler et al. (2010), Vidal and Genter (2018)",30
EGS (circulation),2/1/2008,,">600, -0.5≤ML≤2.7 (joint with Insheim)",,,,,,,,,2.7,ML,,2300,3300,1750,8/15/2009,,"Max M occured either in the sedimentary layers or basement or both, occured short while after circulation was ceased for maintenance, after 1.5 years from injection","Evans et al. (2012), Groos et al. (2013), Küperkoch et al. (2018), Schindler et al. (2010), Vidal and Genter (2018)",31
EGS (circulation),2/1/2008,,"136, with -0.8<ML<2.4 from 2008 to 2012",2100,5100,,,,0.9,,,2.4,ML,,,4000,700,7/3/2008,,"The borehole crosses the main fault, but the hypocenter is located some hundreds of meters below the borehole. ML2.3 occured in Feb. 2008 shortly after starting the project. Earthquakes with local magnitudes of 2.1 and 1.9 were also detected on 21 and 23 July respectively.","Evans et al. (2012), Gaucher et al. (2015), Hedtmann and Alber (2017), Megies and Wassermann (2014), Pei et al. (2018), Rojas et al. (2017),  Sisi et al. (2017), Wolfgramm et al. (2007), ",32
Geothermal (reinjection),9/1/2011,0,4600,1500,2500,,,,,,,4,ML,,1500,2500,,10/15/2011,"Induced seismicity observed in Hellisheiði is found to be highly temperature dependent. Thermal stressing is significantly promoted by cooling-induced fracture permeability enhancement, controlling the stability conditions of the fractures. The spatial and temporal evolution of the sesimic events can only be numerically reproduced by considering a significant contribution of thermal permeability enhancement. Calibration of numerical models against field injectivity data shows that injectivity is governed by the injected fluid temperature. The colder the injected fluid, the higher the injectivity.","Hypocentres of the majority of induced earthquakes are below the injection layer and within the basaltic basement. So, changes in lithology may control the fault strength or seismic/aseismic slip tendency","Batir et al. (2012), Flóvenz et al. (2015), Juncu et al. (2017), Juncu et al. (2020), Cao et al. (2022)",33
Geothermal (drilling and stimulation),,0,,4000,6000,,,,,,,2.4,ML,,,7000,,7/29/2003,,,"Bjornsson (2004), Evans et al. (2012), Juncu et al. (2017), Juncu et al. (2020), Cao et al. (2022)",34
Geothermal (reinjection),,,,,,,,,,,,2,ML,,,,,1/1/2006,,,"Flóvenz et al. (2015), Cao et al. (2022)",35
Geothermal (reinjection),,,,1000,3000,,,,,,,2.2,ML,,,,,8/1/2004,Thermal effects may be important,,"Eggertsson et al. (2019), Eggertsson et al. (2020), Evans et al. (2012), Flóvenz et al. (2015), Heap et al. (2020)",36
Geothermal (reinjection),,,0,,,,,,,,,0,,,,,,,Reason for no seismic event: large pressure decline during pressure which is not thoroughly recovered by re-injection,"No event with ML>-1, Seeasonal consumption","Arnórsson (1995), Axelsson et al. (2005), Axelsson et al. (2010), Björnsson et al. (2011), Evans et al. (2012), Flóvenz et al. (2015), Lashin (2005), Zhang (2003), Ziegler et al. (2016)",37
Geothermal (reinjection),,,Many events each year,5000,10000,,,,,,,6.6,ML,,,,6000,6/17/2000,"Cyclic loading in a long time due to high and low demand to energy during the year, also pressure biuld up due to re-injection","Obvious change in microseismic´s spatial patterns before and after the main earthquake, Seasonal consumption; Seismic events greatly affected reservoir pressure of the adjacent fields","Arnórsson (1995), Axelsson et al. (2005), Axelsson et al. (2010), Björnsson et al. (2011), Evans et al. (2012), Flóvenz et al. (2015), Lashin (2005), Zhang (2003), Ziegler et al. (2016)",38
Geothermal (reinjection),,,18 quakes between 2 and 3,,,,,,,,,3.2,ML,,,,,,,,Flóvenz et al. (2015),39
Geothermal (extraction and reinjection),5/31/2006,,5 swarms of 40-80,,,,,,,,,2,ML,,,,,,Normal faults,Volume for 2005-2008. Annual average injection. The largest quake magnitude is 3 ML in 2006 due to production. Injection induced quakes are all smaller than 2,"Arnórsson (1995), Haimson and Voight (1977), Hofmann et al. (2021), Keilegavlen et al. (2021), Peter-Borie et al. (2018),  Taherynia et al, (2016), ",40
Geothermal (reinjection),,,,,,,,,,,,0,,,,,,,,"No event with ML>-1, Recharge depleted reservoir","Evans et al. (2012), Flóvenz et al. (2015), Juncu et al. (2020), Keiding et al. (2010)",41
Geothermal (reinjection),12/1/2008,,82,4000,5000,,,,,,,3.2,ML,,,,1000,1/1/2009,,"Recharge depleted reservoir, the state of stress and elastic properties can be inferred from th Reykjanes field in the close vicinity","Evans et al. (2012), Flóvenz et al. (2015), Juncu et al. (2020), Keiding et al. (2010)",42
EGS (injection),,,,,,,,,,,,2.9,ML,,150,1500,200,12/9/1984,,"Field  operational from 1999 to 2003, 14 wells",Evans et al. (2012),43
EGS (circulation),,,>400,1500,1800,,,,,,,-1,Mw,,,,,,,Well SKG-2 injection and HDR-1 and HDR-2 producers. Maximum magnitude based on scale in figure 6.,"Jing et al. (2000), Kaieda et al. (2010), Oikawa and Yamaguchi. (2000), Sasaki and Kaieda (1998), Tenma et al. (2008)",44
EGS (injection),,,>100,1650,1900,,,,,,,-1,Mw,,,,,1/1/1988,,Well SKG-2 stimulation,"Jing et al. (2000), Kaieda et al. (2010), Sasaki and Kaieda (1998), Tenma et al. (2008)",45
EGS (injection),,,1553,800,1300,,,,,,1.1,2,Mw,,,,,,,Assuming a water density of 1000 kg m-3,"Audigane et al. (2012), Kaieda et al. (2000), Kaieda et al. (2005), Kaieda et al. (2010), McClure and Horne (2014), Shin et al. (2000), Wakahama et al. (2009)",46
Geothermal (extraction),,,,,,,,,,,,2.6,ML,,,1000,,6/12/2012,,Demonstation site,"Evans et al. (2012), Nikulin and Assinovskaya (2018)",47
Geothermal (extraction),,,,,,,,,,,,6.6,ML,,,10000,,10/15/1979,,"Occurence of subsidence (poroelasti effect at this site, 5-7 cm/year), Multiple high magnitude earthquakes occured there","Martinez-Baez (1980), Somerton (1980), Zúñiga et al. (1995), Glowacka and Nava (1996), Glowacka et al. (2005), Glowacka et al. (2010), Trugman et al. (2014), Prol-Ledesma et al. (2016), García-Sánchez et al. (2017)",48
EGS (circulation),,,,850,5000,,,,,,,4.6,Md,,,,,11/25/1994,,"Two sets of faults have been detected in the field (Urban 2013), Production rate from figure 10 for well P1, injection rate from figure 9 for well I29","Arzate et al. (2018), Kruszewski et al. (2019), Norini et al. (2019), Rodríguez (2000), Urban and Lermo (2013)",49
Geothermal (reinjection),,,,,,,,,,,,3.2,,,,,,,,,Sherburn et al. (2015),50
Geothermal (reinjection),,,,,,,,,,,,2.7,,,,,,,,,"Sherburn et al. (2015), Wyering et al. (2014), Wyering et al. (2018)",51
Geothermal (reinjection),1/1/2005,,>1500,1500,3000,,,,,,,3.3,,,,,,2/1/2012,,Liquid dominated. Field scale rate. Max magnitude depth: located in the wacke basement,"Davidson et al. (2012), Heap et al. (2020),  Quinao et al. (2013), Sherburn et al. (2015),  Siratovich et al. (2012),  Siratovich et al. (2014), Siratovich et al. (2015), Siratovich et al. (2016), Wyering et al. (2014)",52
EGS (injection),,,,,,,,,,,,2.3,ML,,,,,,,,"Ellsworth et al. (2019), Grigoli et al. (2018), Hofmann et al. (2019), Kim et al. (2017), Kim et al. (2017), Kwon et al. (2019), Park et al. (2017), Park et al. (2020), Woo et al. (2019), Yeo et al. (2020)",53
EGS,,,6 foreshocks and 210 after shocks,3700,6000,,,2.08,0.66,,,5.4,Mw,,4500,4500,670,11/15/2017,Reactivation of Yangsan fault,,"Ellsworth et al. (2019), Grigoli et al. (2018), Hofmann et al. (2019), Kim et al. (2017), Kim et al. (2017), Kwon et al. (2019), Park et al. (2017), Park et al. (2020), Woo et al. (2019), Yeo et al. (2020)",54
EGS (injection),,,"74, -1.3≤ML≤-0.2",440,475,,,,,,,-0.2,ML,,,,,1/1/1989,,,"Evans et al. (2012), Eliasson (1993), Eliasson et al. (1988), Jupe et al. (1992), Wallroth et al. (1999)",55
EGS (injection),12/2/2006,,>10500,4000,5000,2.31,0.9,6.08,1.58,3.32,1.15,3.4,ML,,,4600,,12/8/2006,"Fault reactivation, a complex fault zone rather than a single one",Max earthquake occured during the shut in period; three additional felt earthquakes with ML > 3 occurred 1–2 months after bleed-off. cloud of seismicities is near vertical and in NW-SE direction,"Häring et al. (2008), Bachmann et al. (2011), Klose (2013), Majer et al. (2007), Valley et al. (2009), Terakawa et al. (2012), Deichmann et al. (2014), Kraft and Deichmann (2014), TNO (2014), Andres et al. (2019), Valley and Evans (2019), Ziegler and Evans (2020)",56
Geothermal (injection and production),7/17/2013,,>800,3800,4200,,,,0.8,,,3.5,ML,,,,,7/20/2013,,Initially geothermal project but then also natural gas tested,"Bloch (personal communication, 2018, kundendienst@sgsw.ch), Schultz et al. (2022), Moeck et al. (2015), Wolfgramm et al. (2015), Zbinden et al. (2020 a,b)",57
EGS (circulation),,,,2000,3500,,,,,,,2,ML,,,3100,,7/12/1987,,,"Batchelor et al. (1983),  Pine and Batchelor (1984), Pine et al. (1987), Savage et al. (1987), Xie et al. (2015),  Zang et al. (2014)",58
EGS,,,,,,,,,,,,1.5,ML,,4000,,,9/30/2020,Still in the exploration phase,"https://earthquakes.bgs.ac.uk/induced/recent_uk_events.html, Still in the exploration phase","Gan et al. (2021), Ledingham et al. (2019), Reinecker et al. (2021)",59
EGS (stimulation),,,>20000 (1991-1995),,,,,,,,,2.8,,,,,,8/1/2004,,Rate was 1400 kph (kilos per hour?),"Breede et al. (2013), Davatzes & Hickman (2006), Feng and Lees (1998), Julian et al. (2009), Rose et al. (2004)",60
EGS (injection),,,300,,,,,,,,,1.7,ML,,,,,2/1/2013,,There is high uncertainty for the taken values for different parameters. ,"Davatzes and Hickman (2009), Hickman and Davatzes (2010), Lutz et al. (2010), Zemach et al. (2013), Baker et al. (2014), Breede et al. (2013), Benato et al. (2016), Dempsey et al. (2016)",61
EGS (injection),,,>11000,3245,3275,,,,,,,1.3,,,,3372,,1/1/1983,,,"Fehler (1989), Nicholson and Wesson (1992), Norbeck et al. (2016), Norbeck et al. (2018), Phillips et al. (1997), Phillips et al. (2002), Xie et al. (2015)",62
EGS (injection),10/29/2012,,"174, -0≤MW≤2.39,within 1 km",500,3500,,,,1.07,,,2.39,Mw,,,,,12/7/2012,,During phase 2 of the project (started from April 2012),"Cheng et al. (2019), Cladouhos et al. (2013), Cladouhos et al. (2016), Li et al. (2012), Sonnenthal et al. (2012)",63
EGS (circulation),,,,,,,,,,,,5.1,Mw,,,,,1/1/2005,,Volume assuming water density of 1000 kg m-3. Rate is for field scale.,"Hulen et al. (2002), Kaspereit et al. (2016), McGuire et al. (2015)",64
EGS (circulation),,,"140/month ML>1.2, 20 events>4 since 2003",0,5000,,,,1.69,,,5,Mw,,,,,12/14/2016,,Vapour dominated. Up to 2005 about 120 billion pounds had been injected. Mass to volume using water desnity of 1000 kg m-3. Rate is for field scale.,"Nicholson and Wesson (1992), Julian et al. (1996), Majer (2007), Majer and Peterson (2008), Boyle and Zoback (2014), Martínez‐Garzón et al. (2014), Rutqvist et al. (2015), Garcia et al. (2016), Buijze et al. (2019), Scibek (2020), http://www.conservation.ca.gov/dog/geothermal/manual/Pages/production.aspx",65
Fracking (injection),8/11/2015,0,191,500,2500,,,,0.78,,,4.6,Mw,,1300,4000,1500,8/17/2015,Direct pore pressure transmission to a basement fault through a high-permeability fluid conduit (k=1e-13 m2 is assumed),Earthquake ruptured within the basement 1-2 km below the shale layer. Aftershocks in the overlying sediments (around 2 km) by static stress transfer from the reactivated fault in the basement,"Atkinson et al. (2016), Davey (2012), Eaton et al. (2019), Fox and Watson (2019), Mahani et al. (2017), McLellan (2012), Peña Castro et al. (2020), Sone and Zoback (2013), Verdecchia et al. (2020), Wang et al (2020), Wang et al (2021)",66
Fracking (injection),11/28/2018,0,270,,,,,,,,,4.5,ML,,,4500,2100,11/30/2018,Direct pore pressure transmission to a basement fault through a high-permeability fluid conduit (k=1e-12 m2 is assumed),"Earthquake ruptured within the basement 1-2 km below the shale layer. Large aftershock of ML 4.2, 3.8 and 3.4. Aftershocks in the overlying sediments (around 2 km) by static stress transfer from the reactivated fault in the basement","https://www.cbc.ca/news/canada/british-columbia/earthquake-fort-st-john-fracking-1.4927898, McLellan (2012), Fox et al. (2019), Verdecchia et al. (2019), Peña Castro et al. (2020)",67
Fracking (injection),11/5/2013,,14,,,,,,,,,2.2,ML,,,,1000,11/5/2013,"4 events within 2 hours of HF, 3 events during HF and 7 events within 7.5 hours of HF",This event hasn't been mentioned by any other public sources.,"BC Oil and Gas Commission (2014), Maxwell et al. (2011), Vaisblat et al. (2019)",68
Fracking (injection),8/18/2013,,16,,,,,,,,,3.4,ML,,,,,8/21/2013,During and after (21h) hydraulic fracturing operations. ,This event hasn't been mentioned by any other public sources,"BC Oil and Gas Commission (2014), Maxwell et al. (2011), Vaisblat et al. (2019)",69
Fracking (injection),12/1/2011,,>60,3500,5000,,,,,,,3,Mw,,,,,12/4/2011,Pore pressure diffusion into the cristalline basement by an intersecting fault zone,,"Galloway et al. (2018), Reiter et al. (2014), Schultz et al. (2015a)",70
Fracking (injection),1/15/2014,,20,,,,,,,,,3.2,ML,,,,1300,3/2/2014,Hydraulic fracturing operations and post injection seimsicity,This event hasn't been mentioned by any other public sources.,"BC Oil and Gas Commission (2014), Maxwell et al. (2011), Vaisblat et al. (2019)",71
Fracking (injection),10/18/2013,,16,,,,,,,,,2.8,ML,,,,3000,10/23/2013,All events occurred during or within 2 hours of hydraulic fracturing,This event hasn't been mentioned by any other public sources.,"BC Oil and Gas Commission (2014), Maxwell et al. (2011), Vaisblat et al. (2019)",72
Fracking (injection),,,417,2500,3500,,,,,,1.15,4.18,ML,,2627,,150,3/4/2019,Reactivation of preexisting faults by pore pressure diffusion,Location corresponds to Mmax epicentre. Site number from reference.,"Hui et al. (2021), Shen et al. (2021), Wang et al. (2020)",73
Fracking (injection),1/1/2013,,,,,,,,0.9,,,3.3,Mw,,,,1500,1/1/2013,,Hypocenters for these two events are nearby and have similar fault motions,"Bao and Eaton (2016), Eyre et al. (2019), Fox and Soltanzadeh (2015), Hui et al (2020), Hui et al (2021 a,b,c), Igonin et al. (2021), Reiter and Heidbach (2014), Reiter et al. (2014), Rodriguez (2018), Schultz et al. (2015), Schultz et al. (2017), Schultz et al. (2022), Shen et al. (2019),  Shen et al. (2021), Wang et al. (2016),  Zhao (2018)",74
Fracking (injection),6/1/2015,,,3400,4500,,,,0.9,,,3.9,Mw,,3000,4000,2000,6/13/2015,,,"Bao and Eaton (2016), Eyre et al. (2019), Fox and Soltanzadeh (2015), Hui et al (2020), Hui et al (2021 a,b,c), Igonin et al. (2021), Reiter and Heidbach (2014), Reiter et al. (2014), Rodriguez (2018), Schultz et al. (2015), Schultz et al. (2017), Schultz et al. (2022), Shen et al. (2019),  Shen et al. (2021), Wang et al. (2016),  Zhao (2018)",75
Fracking (injection),,,,,,,,,0.9,,,2.9,Mw,,,,,1/1/2015,,,"Bao and Eaton (2016), Eyre et al. (2019), Fox and Soltanzadeh (2015), Hui et al (2020), Hui et al (2021 a,b,c), Igonin et al. (2021), Reiter and Heidbach (2014), Reiter et al. (2014), Rodriguez (2018), Schultz et al. (2015), Schultz et al. (2017), Schultz et al. (2022), Shen et al. (2019),  Shen et al. (2021), Wang et al. (2016),  Zhao (2018)",76
Fracking (injection),8/1/2015,,,,,,,,0.9,,,3.2,Mw,,,,,1/1/2015,,,"Bao and Eaton (2016), Eyre et al. (2019), Fox and Soltanzadeh (2015), Hui et al (2020), Hui et al (2021 a,b,c), Igonin et al. (2021), Reiter and Heidbach (2014), Reiter et al. (2014), Rodriguez (2018), Schultz et al. (2015), Schultz et al. (2017), Schultz et al. (2022), Shen et al. (2019),  Shen et al. (2021), Wang et al. (2016),  Zhao (2018)",77
Fracking (injection),8/1/2015,,,,,,,,0.9,,,2.9,Mw,,,,,1/1/2015,,,"Bao and Eaton (2016), Eyre et al. (2019), Fox and Soltanzadeh (2015), Hui et al (2020), Hui et al (2021 a,b,c), Igonin et al. (2021), Reiter and Heidbach (2014), Reiter et al. (2014), Rodriguez (2018), Schultz et al. (2015), Schultz et al. (2017), Schultz et al. (2022), Shen et al. (2019),  Shen et al. (2021), Wang et al. (2016),  Zhao (2018)",78
Fracking (injection),,,,,,,,,0.9,,,3.1,Mw,,,,,1/1/2015,,,"Bao and Eaton (2016), Eyre et al. (2019), Fox and Soltanzadeh (2015), Hui et al (2020), Hui et al (2021 a,b,c), Igonin et al. (2021), Reiter and Heidbach (2014), Reiter et al. (2014), Rodriguez (2018), Schultz et al. (2015), Schultz et al. (2017), Schultz et al. (2022), Shen et al. (2019),  Shen et al. (2021), Wang et al. (2016),  Zhao (2018)",79
Fracking (injection),,,,,,,,,0.9,,,2.8,Mw,,,,,1/1/2015,,,"Bao and Eaton (2016), Eyre et al. (2019), Fox and Soltanzadeh (2015), Hui et al (2020), Hui et al (2021 a,b,c), Igonin et al. (2021), Reiter and Heidbach (2014), Reiter et al. (2014), Rodriguez (2018), Schultz et al. (2015), Schultz et al. (2017), Schultz et al. (2022), Shen et al. (2019),  Shen et al. (2021), Wang et al. (2016),  Zhao (2018)",80
Fracking (injection),11/1/2015,,,,,,,,0.9,,,3,Mw,,,,,1/1/2015,,,"Bao and Eaton (2016), Eyre et al. (2019), Fox and Soltanzadeh (2015), Hui et al (2020), Hui et al (2021 a,b,c), Igonin et al. (2021), Reiter and Heidbach (2014), Reiter et al. (2014), Rodriguez (2018), Schultz et al. (2015), Schultz et al. (2017), Schultz et al. (2022), Shen et al. (2019),  Shen et al. (2021), Wang et al. (2016),  Zhao (2018)",81
Fracking (injection),1/1/2016,,,3300,4300,,,,0.86,,,4.1,Mw,,,2900,,1/12/2016,Aseismic fault slip and fault reactivation in the overlying layers,Earthquake occured 8 days after the initiation of treatments,"Bao and Eaton (2016), Eyre et al. (2019), Fox and Soltanzadeh (2015), Hui et al (2020), Hui et al (2021 a,b,c), Igonin et al. (2021), Reiter and Heidbach (2014), Reiter et al. (2014), Rodriguez (2018), Schultz et al. (2015), Schultz et al. (2017), Schultz et al. (2022), Shen et al. (2019),  Shen et al. (2021), Wang et al. (2016),  Zhao (2018)",82
Fracking (injection),,,,,,,,,0.9,,,3.18,Mw,,4000,6200,3000,2/9/2014,,,"Bao and Eaton (2016), Eyre et al. (2019), Fox and Soltanzadeh (2015), Hui et al (2020), Hui et al (2021 a,b,c), Igonin et al. (2021), Reiter and Heidbach (2014), Reiter et al. (2014), Rodriguez (2018), Schultz et al. (2015), Schultz et al. (2017), Schultz et al. (2022), Shen et al. (2019),  Shen et al. (2021), Wang et al. (2016),  Zhao (2018)",83
Fracking (injection),,,,,,,,,0.9,,,3.2,Mw,,,,,1/1/2014,,,"Bao and Eaton (2016), Eyre et al. (2019), Fox and Soltanzadeh (2015), Hui et al (2020), Hui et al (2021 a,b,c), Igonin et al. (2021), Reiter and Heidbach (2014), Reiter et al. (2014), Rodriguez (2018), Schultz et al. (2015), Schultz et al. (2017), Schultz et al. (2022), Shen et al. (2019),  Shen et al. (2021), Wang et al. (2016),  Zhao (2018)",84
Fracking (injection),,,,2300,4500,,,,0.9,,,3.2,Mw,,,,5000,1/1/2014,,Occured at long distances from HF operations,"Bao and Eaton (2016), Eyre et al. (2019), Fox and Soltanzadeh (2015), Hui et al (2020), Hui et al (2021 a,b,c), Igonin et al. (2021), Reiter and Heidbach (2014), Reiter et al. (2014), Rodriguez (2018), Schultz et al. (2015), Schultz et al. (2017), Schultz et al. (2022), Shen et al. (2019),  Shen et al. (2021), Wang et al. (2016),  Zhao (2018)",85
Fracking (injection),12/23/2014,,115,2000,5000,,,,0.84,,,3.9,Mw,,,3910,,1/23/2015,Pore pressure diffusion and stress perurbations reactivated a fault in the basement,"Occured 40 days after the fracturing operations, during the flow-back period","Bao and Eaton (2016), Eyre et al. (2019), Fox and Soltanzadeh (2015), Hui et al (2020), Hui et al (2021 a,b,c), Igonin et al. (2021), Reiter and Heidbach (2014), Reiter et al. (2014), Rodriguez (2018), Schultz et al. (2015), Schultz et al. (2017), Schultz et al. (2022), Shen et al. (2019),  Shen et al. (2021), Wang et al. (2016),  Zhao (2018)",86
Fracking (injection),1/12/2015,,104,3300,3700,,,,0.9,,,3.7,Mw,,,3440,,1/14/2015,,,"Bao and Eaton (2016), Eyre et al. (2019), Fox and Soltanzadeh (2015), Hui et al (2020), Hui et al (2021 a,b,c), Igonin et al. (2021), Reiter and Heidbach (2014), Reiter et al. (2014), Rodriguez (2018), Schultz et al. (2015), Schultz et al. (2017), Schultz et al. (2022), Shen et al. (2019),  Shen et al. (2021), Wang et al. (2016),  Zhao (2018)",87
Fracking (injection),12/30/2014,,286,,,,,,0.9,,,2.9,Mw,,,4060,,1/16/2015,,,"Bao and Eaton (2016), Eyre et al. (2019), Fox and Soltanzadeh (2015), Hui et al (2020), Hui et al (2021 a,b,c), Igonin et al. (2021), Reiter and Heidbach (2014), Reiter et al. (2014), Rodriguez (2018), Schultz et al. (2015), Schultz et al. (2017), Schultz et al. (2022), Shen et al. (2019),  Shen et al. (2021), Wang et al. (2016),  Zhao (2018)",88
Fracking (injection),2/6/2015,,365,,,,,,0.9,,,3.2,Mw,,,5360,,2/10/2015,,,"Bao and Eaton (2016), Eyre et al. (2019), Fox and Soltanzadeh (2015), Hui et al (2020), Hui et al (2021 a,b,c), Igonin et al. (2021), Reiter and Heidbach (2014), Reiter et al. (2014), Rodriguez (2018), Schultz et al. (2015), Schultz et al. (2017), Schultz et al. (2022), Shen et al. (2019),  Shen et al. (2021), Wang et al. (2016),  Zhao (2018)",89
Fracking (injection),2/16/2015,,28,,,,,,0.9,,,2.7,Mw,,,3460,,3/7/2015,,,"Bao and Eaton (2016), Eyre et al. (2019), Fox and Soltanzadeh (2015), Hui et al (2020), Hui et al (2021 a,b,c), Igonin et al. (2021), Reiter and Heidbach (2014), Reiter et al. (2014), Rodriguez (2018), Schultz et al. (2015), Schultz et al. (2017), Schultz et al. (2022), Shen et al. (2019),  Shen et al. (2021), Wang et al. (2016),  Zhao (2018)",90
Fracking (injection),2/4/2015,,7,,,,,,0.9,,,2.9,Mw,,,8730,,2/8/2015,,,"Bao and Eaton (2016), Eyre et al. (2019), Fox and Soltanzadeh (2015), Hui et al (2020), Hui et al (2021 a,b,c), Igonin et al. (2021), Reiter and Heidbach (2014), Reiter et al. (2014), Rodriguez (2018), Schultz et al. (2015), Schultz et al. (2017), Schultz et al. (2022), Shen et al. (2019),  Shen et al. (2021), Wang et al. (2016),  Zhao (2018)",91
Fracking (injection),,,2259,,,,,,,,,-0.03,,,,,,,,Maghsoudi et al. (2016) doesn't provide a date and time for the seismic events as well as no detailed hydromechanical information.,Maghsoudi et al. (2016),92
Fracking (injection),4/8/2009,1,38,2800,2870,,,,1.21,,,3.8,ML,,,,200,5/19/2011,Magnitudes from 0.5 to 1 shows a transition from fracturing-driven seismicity to fault reactivation (Abundant north-south trending faulting),"38 events from NRCan array, injection values are averages from a selection of wells","BC Oil and Gas Commission report (2012), Davies et al. (2013), Dong (2016), Kettlety et al. (2019), Schultz et al. (2020), Teklu et al. (2018)",93
Fracking (injection),,,,,,,,,,,,-0.4,Mw,,,,,,Fault reactivation during stimulation,Well C. Well location not known so generic Montney Formation coordinates used from Wikipedia,"Maxwell et al. (2011), Vaisblat et al. (2019)",94
Fracking (injection),5/27/2013,0.13,8,,,,,,,,,4.2,ML,,,,3000,5/27/2013,Mainly by fluid injection near preexisting faults; ,No further sources mention this event,"BC Oil and Gas Commission (2014), Maxwell et al. (2011), Vaisblat et al. (2019)",95
Fracking (injection),,,4083,3000,4000,,,,1.1,,,3.22,Mw,,,2979,,11/29/2016,Pore pressure difsuion along an existing fracture into a second fracture zone which failed during stimulation.,Very well documented case.,"Eaton et al. (2018), Ghanizadeh et al. (2015), Igonin et al. (2018), Igonin et al. (2021), Shen et al. (2018), Soltanzadeh et al. (2015)",96
Fracking (injection),12/1/2014,,"2400 with ML≥1.0, 4 ML>4",3000,4000,,,,,,0.9,4.7,Mw,,,1800,,1/28/2017,,,Lei et al. (2017),97
Fracking (injection),,,,2000,6000,,,,0.96,,,5.3,ML,,1840,,,1/3/2019,Overpressure reactivation of pre-existing faults by hydraulic fracturing.,,"Lei et al. (2017), Lei et al. (2019), Liang et al. (2014), Tan et al. (2020), Tang et al. (2021), Xu et al. (2019), Zhang et al. (2020), Zheng et al. (2020)",98
Fracking (injection),3/10/2017,5,,2500,4500,,,,,,0.96,5.17,Mw,,,3000,,12/16/2018,pore pressure diffusion,,"Lei et al. (2017), Lei et al. (2019), Liang et al. (2014), Tan et al. (2020), Tang et al. (2021), Xu et al. (2019), Zhang et al. (2020), Zheng et al. (2020)",99
Fracking (injection),2/23/2019,,,1000,2600,,,,,,,4.3,Mw,,,1000,100,2/25/2019,Poroelastic stress redistribution due to hydraulic fracturing in a beneath shale gas layer.,2 deaths and 12 injuries. Epicentre coordinates from IRIS earthquake browser. Yang et al. (2020) say MW 4.3 at 1 km depth. No public accessible injection data.,"Lei et al. (2017), Lei et al. (2019), Liang et al. (2014), Tan et al. (2020), Tang et al. (2021), Xu et al. (2019), Yang et al. (2020), Zhang et al. (2020)",100
Fracking (injection) and deep well injection for salt mining,6/17/2019,,4000,1000,6000,,,,1.01,,,5.69,ML,,4000,5000,,6/17/2019,Deep well salt mining in combination with closeby hydraulic fracturing in the closeby Shangluo shale gas area,The induced seismic event happened close to a salt mining operation but might be influenced by the Changning shale gas development practices. The M5.7 Xingwen Earthquake in the Shangluo shale gas area seemed to set the prerequisites for the M6 Shuanghe one.,"Lei et al. (2017), Lei et al. (2019), Liang et al. (2014), Tan et al. (2020), Tang et al. (2021), Xu et al. (2019), Zhang et al. (2020), Zheng et al. (2020)",101
Fracking (injection),1/1/2015,,,,,,,,,,,3.4,Mw,,,,,1/1/2016,Hydraulic fracturing operations,,"Lei et al. (2017), Li et al. (2015), Li et al. (2017), Liang et al., 2014, Tang et al., 2021, Zhang et al. (2020), Zheng et al., 2020)",102
Fracking (injection),,,162,,150,,,,,,,0.5,Mw,,,,,6/25/2016,,77 earthquakes detected overall for the two wells,López Comino et al. (2018),103
Fracking (injection),,,162,,150,,,,,,,1,Mw,,,,,8/31/2016,,77 earthquakes detected overall for the two wells,López Comino et al. (2018),104
Fracking (injection),3/31/2011,,50,,,,,,,,1,2.3,ML,,,3600,1800,4/1/2011,Fault activation due to hydraulic fracturing (stage 2),"Occured 1 day after shut-in, variable rock properties with TOC content and geological properties","Anderson et al. (2019),  Clarke et al. (2014), Clarke et al. (2018), Clarke et al. (2019 a,b), Cuadrilla Resources (2019), Kettlety and Verdon (2021), Kettlety et al. (2021), Pater and Baisch (2011), Westaway (2017)",105
Fracking (injection),5/26/2011,,,2585,2633,,,,,,,1.5,ML,,,,,5/27/2011,Stage 4 hydraulic fracturing,Occured 10 hours after shut-in,"Anderson et al. (2019), Clarke et al. (2014), Clarke et al. (2018), Clarke et al. (2019 a,b), Cuadrilla Resources (2019), Kettlety and Verdon (2021), Kettlety et al. (2021), Pater and Baisch (2011), Westaway (2017)",106
Fracking (injection),,,6 events with ML>0.5,2200,2400,,,1.9,1.3,,,1.6,ML,,,,0,12/11/2018,500 m-long fracture intersected the wellbore (5 stages at least directly injected into the fault),Rock properties at Preston New Road were found to be similar to those of Preese Hall,"Anderson et al. (2019), Clarke et al. (2014), Clarke et al. (2018), Clarke et al. (2019 a,b), Cuadrilla Resources (2019), Kettlety and Verdon (2021), Kettlety et al. (2021), Pater and Baisch (2011), Westaway (2017)",107
Fracking (injection),,,,1950,2300,,,,1.1,,,2.9,ML,,,2050,200,8/26/2019,350 m-long fracture some 200 m away from three HF stages,72 hours after the last hydraulic fracturing stage- Delay is possibly related to pore pressure diffusion to the fault,"Anderson et al. (2019), Clarke et al. (2014), Clarke et al. (2018), Clarke et al. (2019 a,b), Cuadrilla Resources (2019), Kettlety and Verdon (2021), Kettlety et al. (2021), Pater and Baisch (2011), Westaway (2017)",108
Fracking (injection+production?),,,18,,,,,,,,,1.9,ML,,,1300,10000,10/15/2011,Hydraulic fracturing is the most likely triggering factor; Natural cause can not be ruled out,Hypocentre depth uncertain,"Sone et al. (2013), Walter et al. (2016)",109
Fracking (injection),5/14/1997,,"994, -1.9≤MW≤-0.2",2700,2850,,,,2.5,,,-0.2,Mw,,,,0,5/14/1997,Hydraulic Fracturing,Stimulation Phase 1 Stage 2,"Urbancic et al. (1999), Urbancic and Rutledge (2000)",110
Fracking (injection),7/7/2014,0.1,26,,,,,,,,,3.2,ML,,,7300,4500,7/7/2014,Hydraulic fracturing operations,This event hasn't been mentioned by any other public sources.,Darold et al. (2014),111
Fracking (injection),1/1/2013,,8,,,,,,,,,4.2,MLadj,,,,,1/1/2014,"Spatial and temporal correlation exists, plausible that these earthquakes were triggered by fracking",This event hasn't been evaluated by any other public sources,"Srinivasan et al. (2013), Walter et al. (2018)",112
Fracking (injection),,,5,,,,,,,,,1.9,,,,,1500,4/25/2016,Hydraulic Fracturing is the most probable scenario,"Apart from the reference in post-gazette (2016), the event hasn't been examined in any scientific publication.","Sattler (2015), State studying link between fracking, Lawrence County earthquakes (2022)",113
Fracking (injection),1/17/2011,1,116,1600,3300,,,,0.98,,,2.9,ML,,,,2500,1/18/2011,Pore pressure diffusion: Fluid pressures have probably diffused through more permeable fracture and fault systems into a critically stressed fault and triggered earthquakes by increasing the pore pressure within a fault.,Well name: Picket Unit B Well 4-18,"Abousleiman et al. (2007), Holland (2011), Holland (2013a), Kilic and Tapp (2013), Ryan (2017)",114
Fracking (injection),,,"86, with 16 1≤ML",2000,3000,,,,,0.98,1.4,2.9,ML,,2800,3300,2500,1/18/2011,,"Occured during hydraulic fracturing treatment, the first earthquake occured 24 hrs after injection","Holland (2011), Holland (2013)",115
Fracking (injection),,,171,2473,2744,,,,,,,-1.9,,,,,,1/1/2007,Fault reactivation during stimulation,Stage V,"Neuhaus and Miskimins (2012), Ryan (2017)",116
Fracking (injection),,,,3170,3430,,,,,,,-1.2,,,,,,,Fault reactivation during stimulation,EAST 4 stage 3,"Cluff and Cluff (2004), Wolhart et al. (2006)",117
Fracking (injection),3/4/2014,,77,2900,3200,,,,0.89,,,3,ML,,,3100,270,3/10/2014,hydraulic fracturing induced slip along a pre-existing basement-rooted fault,,Skoumal et al. (2015),118
Fracking (injection),9/8/2013,,478,2800,3400,,,,,,1.3,2,Mw,,,,,10/2/2013,,"Injection volume total for 3 wells, pressure and rate are max values",Friberg et al. (2014),119
laboratory hydraulic fracture experiments,,,52,,,,,,2.49,,,-7,Mw,,,,0,1/1/2015,,,Goodfellow et al. (2015),120
Research (injection),11/28/2013,0.5,824 recorded at the surface and 20000 recorded in the borehole at depth,400,480,,,,,,,1,,,400,480,500,,fluid injection causes fault slip near the borehole,Magnitude usually <1,"Ma et al. (2015), Li et al.(2015), He et al. (2017)",121
Stimulation,,,215,,,,,,,,,-3.5,Mw,,,,15,,Pore pressure diffusion and aseismic slip,"11 hydraulic stimulations, less than 4% of the slip is seismic","Derode et al. (2013), Derode et al. (2015), Duboeuf et al. (2017), Guglielmi et al. (2015), Jeanne et al. (2012 a,b), Kakurina et al. (2020)",122
In-situ fault slip experiment,,,32,,,,,,,,,-3.7,Mw,,,,10,4/1/2014,,,"De Barros et al. (2016), De Barros et al. (2018), Guglielmi et al. (2015), Masri et al. (2014), Valès et al. (2004)",123
Deep fluid injection,,,400,8600,8900,,,,,,,1.2,Mw,,,8600,,12/1/1994,,MW 1.4 from McGarr (2014) based on Jost et al. (1998),"Baisch and Harjes (2003), Brudy et al. (1995), Brudy et al. (1997), Chang and Haimson (2000), Evans et al. (2012), Haimson and Chang (2002), Huenges et al. (1997), McGarr (2014), Moeck (2014), Pechnig et al. (1997), Zoback and Harjes (1997)",124
Deep fluid injection,9/1/2004,,3000,4000,,,,,1,,,0.7,ML,,,,,,,Pressure from figure 3,"Baisch and Harjes (2003), Brudy et al. (1995), Brudy et al. (1997), Chang and Haimson (2000), Evans et al. (2012), Haimson and Chang (2002), Huenges et al. (1997), McGarr (2014), Moeck (2014), Pechnig et al. (1997),Serge Shapiro (personal communication, 2016, shapiro@geophysik.fu-berlin.de), Zoback and Harjes (1997)",125
Deep fluid injection,,,2800,3300,9000,,,,,,,0.5,ML,,,8500,,1/1/2000,,Volume mistake in Evans et al. (2012),"Baisch and Harjes (2003), Brudy et al. (1995), Brudy et al. (1997), Chang and Haimson (2000), Evans et al. (2012), Haimson and Chang (2002), Huenges et al. (1997), McGarr (2014), Moeck (2014), Pechnig et al. (1997), Zoback and Harjes (1997),",126
Laboratory fault slip experiment,,,more than 3000,,,,,,1.7,,,-7,Mw,,,,,1/1/2000,,,"Wang et al. (2020 a,b), ",127
Water injection,1/25/1970,,about 300,2000,8000,,,,,,,2.8,,,,,3000,1/25/1970,the increase in pore pressure reduced the strength of rocks and resulted in premature releases of elastic strain,Two injection periods but merged here,Ohtake (1974),128
Research (injection),2/13/1997,4.5,about 3000 (Jan. 1-April 30),2000,4000,,,,,,,1,,,,,3000,1/1/1997,A small increase in pore pressure or shear stress leads to slip of a highly permeable fault,Two injection periods but merged here,Tadokoro et al. (2000),129
Research (injection),6/19/1997,0,292 during the injection period,2000,4000,,,,,,,3,mc,,,,,,pore pressure buildup in the geothermal field,all the data is found in Prioul et al. (2000); the fault is an active fault with creep slip (about 2.4cm/year),Prioul et al. (2000),130
Fracturing,,,196 from -4.2 to -3.5,,,,,,2.9,,,-3.5,Mw,,,,9.5,1/1/2015,Reactivation of pre-existing fractures,,"Feng (2107), Hakami et al. (2008), Kwiatek et al. (2018), Melin (2012), Sundberg (2017), Zang et al. (2017), , Zang et al. (2019)",131
Fracturing,,,,,,,,,,,,-2.51,Mw,,,,,2/10/2017,,,"David et al. (2018 a,b), Dutler et al. (2020), Gischig et al. (2020), Krietsch et al. (2019), Krietsch et al. (2020), Selvadurai et al. (2019), Villiger et al. (2020),",132
In-situ fault slip experiment,,,,,,,,,,,,-2.5,Mw,,335,,4,,Slip on the main fault not the injection fault,Injection into a fault some 1-2 m away from the main fault- Injection within the damage zone of the main fault,"Birkholzer et al. (2016), Guglielmi et al. (2015), Guglielmi et al. (2017), Guglielmi et al. (2020 a,b), Jeanne et al. (2017), Kakurina et al. (2020), Nguyen et al. (2019), Zappone et al. (2021)",133
Laboratory fault slip experiment,,,,,,,,,,,,-2.8,Mw,,,,,,,,"Li et al. (2021),",134
Wastewater injection,9/1/1988,60,>32000 and 100≥M3.0 (1988-2006),2000,20000,,1.4,,0.9,,,5.2,ML,,,13000,5000,8/13/1997,fluid injection activates the reverse faults in the basements,Injection data for 2 wells (Luo-4 and Luo-2) combined,"Cheng et al. (2003), Lei et al. (2008)",135
Wastewater injection,6/2/2006,0.13,"219, 0.2 ≤ML≤2.2",1500,5000,,,,,,,2.2,ML,,,4000,500,10/26/2010,The rapid pore pressure diffusion within an intensely fractured (high permeability) reservoir.,The ruptured damage zone measures 2 km along strike and 3 km along dip,"Buttinelli et al. (2016), Improta et al. (2015), Improta et al. (2017), Stabile et al. (2014)",136
Wastewater injection,8/4/2010,28,1000 and 211 ≥M2.5 (2010-2011),3000,7000,,,,1.06,,1,4.7,Mw,,,,1500,2/27/2011,Fluid injection triggered the recent seismicity on the Guy-Greenbrier fault,Injection into two layers with wells 1 and 5,"Dempsey et al. (2015), Horton (2012), Huang and Beroza (2015), Huang et al. (2016), Morgan and Murray (2015), MoUnited States of Americavi et al. (2017), Ogwari and Horton (2016), Ogwari et al. (2016), Yehya et al. (2018), Yoon et al. (2017)",137
Wastewater injection,1/1/1987,,A sequence of 36 earthquakes,1750,3750,,,,,,,4.3,mbLg,,,3750,6500,1/26/2001,,,"Nicholson (1992), Nicholoson and Wesson (1992), Seeber et al. (2004)",138
Gas/Brine extraction and Wastewater (injection),11/1/2013,,27,2000,8000,,,,,,1.01,3.6,mbLg,,,,,11/20/2013,,,"Frohlich et al. (2016), Hornbach et al. (2015)",139
Wastewater injection,6/2/2009,,54+,1620,4970,,,,,,,3.5,mbLg,,,,,6/24/2012,,,"Frohlich et al. (2016), Justinic et al. (2013)",140
Wastewater injection,,17,48 M>3 in the Mmax sequence,4000,6000,,1.09,,,,,5,Mw,,,,,11/7/2016,"Pore pressure diffusion and poroelastic stresses have contributed to induced seismicity. Another possible mechanism can be the weigth of injected fluid into the reservoir applying stress on the underlying basement (Johann and Shapiro, 2020)",Summed max rate for the three wells (Fig. S5),"Chen et al. (2017), Johann and Shapiro (2020), McGarr and Barbour (2017), McNamara et al. (2015b), Walsh III & Zoback (2016), Yeck et al. (2016), Yu (2017), Zhai et al. (2019)",141
Wastewater injection,10/30/2008,,183 (frequent earthquakes in the sebsequent years),4400,4800,,,,1.43,,1.17,3.3,mb,,,8000,1000,5/16/2009,"Pressure diffusion into a critically stressed fault, 6 Km length fault",Approximate volume of southwest SWD using figure 13,"Frohlich et al. (2010), Frohlich et al. (2011), Hennings et al. (2019), Hornbach et al. (2016), Ogwari et al. (2018), Quinones et al. (2018), Quinones et al. (2019), Smye et al. (2019)",142
Wastewater injection,12/9/1983,330,12 (1983-1989),1600,4800,,,,,,,3,ML,,,3000,,12/9/1983,Fluid injection triggered the earthquake,"Injection data for 4 wells combined, only one paper (Cox, 1991) has the useful data",Cox (1991),143
Wastewater injection,,,"63 foreshocks, 89 aftershocks",6000,9000,,1.09,,,,,5.1,Mw,,,9100,,2/13/2016,Poroelastic stresses have probably triggered the distant seismicity.,"Rate is based on summed rate of a number of wells (Figure 1a of Yeck et al., 2016)- Occured 10-40 km away from the injection area, far enough that direct pore pressure transmission can not justify the induced earthquake. ","Chen et al. (2017), Goebel et al. (2017), Johann and Shapiro (2020),  McGarr and Barbour (2017), Morgan and Murray (2015), Walsh III & Zoback (2016), Yeck et al. (2016), Yu (2017)",144
Wastewater injection,,,38962,3000,8000,,,,1.1,,,4,Mw,,,6300,,4/8/2015,Pore pressure diffusion can be the triggering mechanism although the possibility of other mechanisms like poroelastic stress transfer is not ruled out. ,Operation depth of three closest wells. The Mmax occured 10 months after the seismicity began on the fault,"Benz et al. (2015), Chen et al. (2018), Pennington et al. (2022), Schoenball et al. (2018), Wu et al. (2019)",145
Wastewater injection,1/1/2008,1095,"Nearly 45% of this region’s seismicity, and currently nearly 15 M>3 earthquakes per week",2000,5000,,,,1.32,,,4,Mw,,,,20000,1/15/2010,Four high-rate disposal wells increase pore pressure up to (above) the reported triggering threshold (0.07MPa),"Injection data for 4 wells combined (Fig. 3 in Keranen et al., 2014)","Holland (2013b), Keranen et al. (2014), Kroll et al. (2017), Yu (2017)",146
Wastewater injection,,,,,,,,,,,,4.6,ML,,,,,,,,Goebel et al. (2015),147
Wastewater injection,1/1/2019,2555,71 foreshocks (0.6<Mw<3.8),5000,,,,,,,,5,Mw,,,6200,,3/26/2020,Pore pressure build up by water injection into 8 wells and direct hydraulic connection with the basement has potentially triggered the earthquake. Regional induced earthquake in the Delaware Basin are linked with wastewater injection in the shallower Delaware sandstone layer. The Mentone sequence is an example of local earthquakes in this region modulated by direct hydraulic connection between the basement and the Ellenburger carbonates. ,Two HF jobs at distances of 2.4 and 2.9 km from the M5 earthquakes have been respectively completed 48 and 102 days before this earthquake. The possible link between the HF jobs and the earthquake requires complementary studies. ,"Skoumal et al. (2020), Tung et al. (2020), Tung et al. (2021), Zhai et al. (2021)",148
Wastewater injection,1/31/1986,,13 aftershocks,2000,6100,,,,,,,4.9,Mw,,,3250,12000,1/31/1986,,,"McGarr (2014), Nicholson et al. (1988)",149
Wastewater injection,8/1/1996,111,3350 (within 10 km May 1996 to 2003 December),3500,6000,,,,0.87,,0.61,4.3,ML,,,,,5/27/2000,,,"Ake et al. (2005), Foxall et al. (2017)",150
Wastewater injection,,,,,,,1.09,,,,,5.8,Mw,,,5600,,9/3/2016,"Both pore pressure diffusion and poroelastic stresses have probably triggered the earthquakes. Another possible mechanism can be the weigth of injected fluid into the reservoir applying stress on the underlying basement (Johann and Shapiro, 2020). Just like 2011 M5.7 Prague earthquake, static stress transfer by a foreshock (M3.7) could contribute to triggering the main shock (Chen et al., 2017).", ,"Barbour et al. (2017), Chen et al. (2017), Johann and Shapiro (2020), Manga et al. (2016), McGarr and Barbour (2017), Walsh III & Zoback (2016), Yeck et al. (2017), Yu (2017), Zhai et al. (2019)",151
Wastewater injection,1/1/2010,6205,"MW5 foreshock, MW5 aftershock, >10000 aftershocks",,5000,,1.09,,,,,5.7,Mw,,,,,11/6/2011,"Pore pressure diffusion, poroelastic stresses and statis weight of injected fluid (the reservoir was initially underpressured) are contributing mechanisms of induced seismicitiy in the underlying basement. The main shock could have triggered by static stress transfer from a M5.0 foreshock (Sumy et al., 2014)", ,"Chen et al. (2017), Johann and Shapiro (2020), Keranen et al. (2013), McGarr and Barbour (2017), McMahon et al. (2017), Norbeck & Horne (2016), Sumy et al. (2014), Sun & Hartzell (2014), Zhai et al. (2019)",152
Wastewater injection,9/4/2001,,,1100,6100,,,,,,,4.4,Mw,,,2650,,9/5/2001,,,"Barnhart et al. (2014), Nakai et al. (2017), Rubenstein et al. (2012), Rubinstein et al. (2014)",153
Wastewater injection,9/4/2001,,13 ≥M3.8 (2001-2014),2000,8000,,,,,,0.65,5.3,Mw,,,4300,3700,8/23/2011,"Direct pore pressure transmission from the injection reservoir to the basement through a high-permeability fault (D=0.01 m2/s): pore pressure increase of 0.08 MPa in the seismicity zone, broadly consistent in timing with the occurence of a dominant seismic sequence",The earthquake has been nucleated within the basement. ,"Barnhart et al. (2014), Nakai et al. (2017), Rubenstein et al. (2012), Rubenstein et al. (2014)",154
Wastewater injection,,,,4000,11000,,,,,,,4.6,Mw,,,9000,8000,9/22/2005,,Water disposal near former large oil fields,"Goebel et al. (2015), Goebel et al. (2016), Zielke et al. (2012)",155
Wastewater injection,4/1/2008,240,>65 and 5≥M3.9 (2012-2013),1600,4600,,,,0.57,,,4.8,Mw,,,4500,2300,5/17/2012,Direct pore pressure transmission caused by wastewater disposal leads to fault reactivation,"Injection into two layers with two wells, not sure if injection was episodic or continuous thoughout the month","Fan et al. (2016), Frohlich et al. (2014), Frohlich et al. (2016), Shirzaei et al. (2016), Shirzaei et al. (2019), Thorpe (2017), Wang et al. (2020)",156
Wastewater injection,1/1/2008,,,4000,6000,,,,,,0.74,4,Mw,,,2500,,5/7/2015,,Cumulative effect of five injector wells is hypothesised,Scales et al. (2017),157
Wastewater injection,1/11/2011,14,"167, 12 above 1.8 M",3500,4000,,,,0.83,,,3.88,Mw,,,3670,,12/31/2011,,,"Brinkley (2016), Brudzinski and Kozłowska (2019), Dewers et al. (2014), Kim (2013), Luke (2019), Raziperchikolaee et al. (2018),  Seeber et al. (2004), Zhang et al. (2013)",158
